{
	"format_version": "1.21.6",
	"credit": "Made with Blockbench",
	"texture_size": [32, 32],
	"textures": {
		"0": "block/texture",
		"1": "block/texture",
		"particle": "block/texture"
	},
	"elements": [
		{
			"from": [7, 0, 11],
			"to": [9, 25, 13],
			"rotation": {"angle": 0, "axis": "y", "origin": [7, 0, 11]},
			"faces": {
				"north": {"uv": [0, 0, 1, 12.5], "texture": "#0"},
				"east": {"uv": [1, 0, 2, 12.5], "texture": "#0"},
				"south": {"uv": [2, 0, 3, 12.5], "texture": "#0"},
				"west": {"uv": [3, 0, 4, 12.5], "texture": "#0"},
				"up": {"uv": [5, 1, 4, 0], "texture": "#0"},
				"down": {"uv": [5, 1, 4, 2], "texture": "#0"}
			}
		},
		{
			"from": [7.5, 12, 6],
			"to": [8.5, 28, 11],
			"rotation": {"angle": 0, "axis": "y", "origin": [7, 12, 6]},
			"faces": {
				"north": {"uv": [5, 0, 6, 8], "texture": "#1"},
				"east": {"uv": [0, 0, 2.5, 8], "texture": "#1"},
				"south": {"uv": [6, 0, 7, 8], "texture": "#1"},
				"west": {"uv": [2.5, 0, 5, 8], "texture": "#1"},
				"up": {"uv": [8, 2.5, 7, 0], "texture": "#1"},
				"down": {"uv": [8, 2.5, 7, 5], "texture": "#1"}
			}
		},
		{
			"from": [7.5, 10, 9],
			"to": [8.5, 12, 11],
			"rotation": {"angle": 0, "axis": "y", "origin": [7, 10, 9]},
			"faces": {
				"north": {"uv": [7, 5, 8, 6], "texture": "#1"},
				"east": {"uv": [7, 6, 8, 7], "texture": "#1"},
				"south": {"uv": [7, 7, 8, 8], "texture": "#1"},
				"west": {"uv": [0, 8, 1, 9], "texture": "#1"},
				"up": {"uv": [9, 1, 8, 0], "texture": "#1"},
				"down": {"uv": [2, 8, 1, 9], "texture": "#1"}
			}
		}
	],
	"groups": [
		{
			"name": "group",
			"origin": [8, 8, 8],
			"color": 0,
			"children": [0]
		},
		{
			"name": "group",
			"origin": [7, 0, 11],
			"color": 0,
			"children": [1, 2]
		}
	]
}